{
    "classifier": "LogisticRegression",
    "n_samples": 6000,
    "target_1_count": 128,
    "target_1_percentage": 2.13,
    "accuracy": 0.982,
    "class_0": {
        "precision": 0.9851851851851852,
        "recall": 0.9965940054495913,
        "f1": 0.9908567558415171,
        "support": 5872
    },
    "class_1": {
        "precision": 0.6666666666666666,
        "recall": 0.3125,
        "f1": 0.425531914893617,
        "support": 128
    },
    "roc_auc": 0.969763815565395,
    "confusion_matrix": {
        "labels": [
            0,
            1
        ],
        "matrix": [
            [
                5852,
                20
            ],
            [
                88,
                40
            ]
        ]
    }
}