{
    "classifier": "RandomForestClassifier",
    "n_samples": 6000,
    "target_1_count": 128,
    "target_1_percentage": 2.13,
    "accuracy": 0.989,
    "class_0": {
        "precision": 0.9903716216216216,
        "recall": 0.9984673024523161,
        "f1": 0.9944029850746269,
        "support": 5872
    },
    "class_1": {
        "precision": 0.8875,
        "recall": 0.5546875,
        "f1": 0.6826923076923077,
        "support": 128
    },
    "roc_auc": 0.9578927271372616,
    "confusion_matrix": {
        "labels": [
            0,
            1
        ],
        "matrix": [
            [
                5863,
                9
            ],
            [
                57,
                71
            ]
        ]
    }
}