{
    "classifier": "XGBClassifier",
    "n_samples": 6000,
    "target_1_count": 128,
    "target_1_percentage": 2.13,
    "applied_threshold": 0.9000000000000002,
    "accuracy": 0.9895,
    "class_0": {
        "precision": 0.9903764983960831,
        "recall": 0.9989782016348774,
        "f1": 0.9946587537091988,
        "support": 5872
    },
    "class_1": {
        "precision": 0.922077922077922,
        "recall": 0.5546875,
        "f1": 0.6926829268292682,
        "support": 128
    },
    "roc_auc": 0.9609840663317439,
    "confusion_matrix": {
        "labels": [
            0,
            1
        ],
        "matrix": [
            [
                5866,
                6
            ],
            [
                57,
                71
            ]
        ]
    }
}