{
    "classifier": "LogisticRegression",
    "n_samples": 6000,
    "target_1_count": 128,
    "target_1_percentage": 2.13,
    "accuracy": 0.898,
    "class_0": {
        "precision": 0.9981060606060606,
        "recall": 0.8974795640326976,
        "f1": 0.9451219512195121,
        "support": 5872
    },
    "class_1": {
        "precision": 0.1638888888888889,
        "recall": 0.921875,
        "f1": 0.2783018867924528,
        "support": 128
    },
    "roc_auc": 0.9684998722752043,
    "confusion_matrix": {
        "labels": [
            0,
            1
        ],
        "matrix": [
            [
                5270,
                602
            ],
            [
                10,
                118
            ]
        ]
    }
}