{
    "classifier": "LogisticRegression",
    "n_samples": 6000,
    "target_1_count": 128,
    "target_1_percentage": 2.13,
    "applied_threshold": 0.9000000000000002,
    "accuracy": 0.9641666666666666,
    "class_0": {
        "precision": 0.9945794719356531,
        "recall": 0.9686648501362398,
        "f1": 0.9814511258735226,
        "support": 5872
    },
    "class_1": {
        "precision": 0.34519572953736655,
        "recall": 0.7578125,
        "f1": 0.4743276283618582,
        "support": 128
    },
    "roc_auc": 0.9684998722752043,
    "confusion_matrix": {
        "labels": [
            0,
            1
        ],
        "matrix": [
            [
                5688,
                184
            ],
            [
                31,
                97
            ]
        ]
    }
}