{
    "classifier": "XGBClassifier",
    "n_samples": 600,
    "target_1_count": 83,
    "target_1_percentage": 13.83,
    "accuracy": 0.945,
    "class_0": {
        "precision": 0.9653846153846154,
        "recall": 0.9709864603481625,
        "f1": 0.9681774349083896,
        "support": 517
    },
    "class_1": {
        "precision": 0.8125,
        "recall": 0.7831325301204819,
        "f1": 0.7975460122699386,
        "support": 83
    },
    "roc_auc": 0.9496632565076555,
    "confusion_matrix": {
        "labels": [
            0,
            1
        ],
        "matrix": [
            [
                502,
                15
            ],
            [
                18,
                65
            ]
        ]
    }
}