{
    "classifier": "RandomForestClassifier",
    "n_samples": 6000,
    "target_1_count": 128,
    "target_1_percentage": 2.13,
    "applied_threshold": 0.6000000000000002,
    "accuracy": 0.9883333333333333,
    "class_0": {
        "precision": 0.9903651115618661,
        "recall": 0.9977861035422343,
        "f1": 0.994061757719715,
        "support": 5872
    },
    "class_1": {
        "precision": 0.8452380952380952,
        "recall": 0.5546875,
        "f1": 0.6698113207547169,
        "support": 128
    },
    "roc_auc": 0.9681220197547684,
    "confusion_matrix": {
        "labels": [
            0,
            1
        ],
        "matrix": [
            [
                5859,
                13
            ],
            [
                57,
                71
            ]
        ]
    }
}