{
    "classifier": "XGBClassifier",
    "n_samples": 6000,
    "target_1_count": 128,
    "target_1_percentage": 2.13,
    "applied_threshold": 0.45000000000000007,
    "accuracy": 0.989,
    "class_0": {
        "precision": 0.9910351826792964,
        "recall": 0.9977861035422343,
        "f1": 0.9943991853360489,
        "support": 5872
    },
    "class_1": {
        "precision": 0.8522727272727273,
        "recall": 0.5859375,
        "f1": 0.6944444444444444,
        "support": 128
    },
    "roc_auc": 0.9736248297002725,
    "confusion_matrix": {
        "labels": [
            0,
            1
        ],
        "matrix": [
            [
                5859,
                13
            ],
            [
                53,
                75
            ]
        ]
    }
}