{
    "classifier": "RandomForestClassifier",
    "n_samples": 6000,
    "target_1_count": 128,
    "target_1_percentage": 2.13,
    "accuracy": 0.9866666666666667,
    "class_0": {
        "precision": 0.9910139030179722,
        "recall": 0.9954019073569482,
        "f1": 0.9932030586236194,
        "support": 5872
    },
    "class_1": {
        "precision": 0.7352941176470589,
        "recall": 0.5859375,
        "f1": 0.6521739130434783,
        "support": 128
    },
    "roc_auc": 0.9681220197547684,
    "confusion_matrix": {
        "labels": [
            0,
            1
        ],
        "matrix": [
            [
                5845,
                27
            ],
            [
                53,
                75
            ]
        ]
    }
}