{
    "classifier": "RandomForestClassifier",
    "n_samples": 600,
    "target_1_count": 83,
    "target_1_percentage": 13.83,
    "accuracy": 0.945,
    "class_0": {
        "precision": 0.9618320610687023,
        "recall": 0.9748549323017408,
        "f1": 0.968299711815562,
        "support": 517
    },
    "class_1": {
        "precision": 0.8289473684210527,
        "recall": 0.7590361445783133,
        "f1": 0.7924528301886793,
        "support": 83
    },
    "roc_auc": 0.9505604623523105,
    "confusion_matrix": {
        "labels": [
            0,
            1
        ],
        "matrix": [
            [
                504,
                13
            ],
            [
                20,
                63
            ]
        ]
    }
}