{
    "classifier": "RandomForestClassifier",
    "n_samples": 6000,
    "target_1_count": 128,
    "target_1_percentage": 2.13,
    "applied_threshold": 0.40000000000000013,
    "accuracy": 0.9895,
    "class_0": {
        "precision": 0.9913720182710202,
        "recall": 0.9979564032697548,
        "f1": 0.9946533140965799,
        "support": 5872
    },
    "class_1": {
        "precision": 0.8651685393258427,
        "recall": 0.6015625,
        "f1": 0.7096774193548387,
        "support": 128
    },
    "roc_auc": 0.9594946089492506,
    "confusion_matrix": {
        "labels": [
            0,
            1
        ],
        "matrix": [
            [
                5860,
                12
            ],
            [
                51,
                77
            ]
        ]
    }
}