{
    "classifier": "LogisticRegression",
    "n_samples": 6000,
    "target_1_count": 128,
    "target_1_percentage": 2.13,
    "applied_threshold": 0.30000000000000004,
    "accuracy": 0.982,
    "class_0": {
        "precision": 0.9894701086956522,
        "recall": 0.9921662125340599,
        "f1": 0.9908163265306122,
        "support": 5872
    },
    "class_1": {
        "precision": 0.5892857142857143,
        "recall": 0.515625,
        "f1": 0.55,
        "support": 128
    },
    "roc_auc": 0.9703132982799727,
    "confusion_matrix": {
        "labels": [
            0,
            1
        ],
        "matrix": [
            [
                5826,
                46
            ],
            [
                62,
                66
            ]
        ]
    }
}