{
    "classifier": "XGBClassifier",
    "n_samples": 6000,
    "target_1_count": 128,
    "target_1_percentage": 2.13,
    "applied_threshold": 0.1,
    "accuracy": 0.9821666666666666,
    "class_0": {
        "precision": 0.9926508289181336,
        "recall": 0.989100817438692,
        "f1": 0.9908726435212829,
        "support": 5872
    },
    "class_1": {
        "precision": 0.5704697986577181,
        "recall": 0.6640625,
        "f1": 0.6137184115523465,
        "support": 128
    },
    "roc_auc": 0.9563979478882833,
    "confusion_matrix": {
        "labels": [
            0,
            1
        ],
        "matrix": [
            [
                5808,
                64
            ],
            [
                43,
                85
            ]
        ]
    }
}