{
    "classifier": "LogisticRegression",
    "n_samples": 6000,
    "target_1_count": 128,
    "target_1_percentage": 2.13,
    "applied_threshold": 0.30000000000000004,
    "accuracy": 0.982,
    "class_0": {
        "precision": 0.9893039049235993,
        "recall": 0.9923365122615804,
        "f1": 0.9908178881142663,
        "support": 5872
    },
    "class_1": {
        "precision": 0.5909090909090909,
        "recall": 0.5078125,
        "f1": 0.5462184873949579,
        "support": 128
    },
    "roc_auc": 0.969763815565395,
    "confusion_matrix": {
        "labels": [
            0,
            1
        ],
        "matrix": [
            [
                5827,
                45
            ],
            [
                63,
                65
            ]
        ]
    }
}