{
    "classifier": "LogisticRegression",
    "n_samples": 600,
    "target_1_count": 83,
    "target_1_percentage": 13.83,
    "accuracy": 0.935,
    "class_0": {
        "precision": 0.9509433962264151,
        "recall": 0.9748549323017408,
        "f1": 0.9627507163323782,
        "support": 517
    },
    "class_1": {
        "precision": 0.8142857142857143,
        "recall": 0.6867469879518072,
        "f1": 0.7450980392156863,
        "support": 83
    },
    "roc_auc": 0.9666052993404954,
    "confusion_matrix": {
        "labels": [
            0,
            1
        ],
        "matrix": [
            [
                504,
                13
            ],
            [
                26,
                57
            ]
        ]
    }
}