alpha,optimization_time,n_features,cost_value
0.5,0.017937660217285156,2,-0.0934265522083706
0.75,0.018380403518676758,3,-0.1556617048925233
0.875,0.0179595947265625,3,-0.23573411995147353
0.9375,0.01821756362915039,6,-0.31564753383070965
0.96875,0.016972064971923828,11,-0.47196716851357046
0.984375,0.018060922622680664,15,-0.7241039680536554
0.98828125,0.0179293155670166,19,-0.8419962738740341
0.9921875,0.017942190170288086,25,-1.0361583381414445
