alpha,optimization_time,n_features,cost_value
0.5,0.021869182586669922,3,-0.3088331393819317
0.75,0.018355131149291992,5,-0.61283951605634
0.875,0.016881227493286133,7,-0.9892976171072689
0.9375,0.018669605255126953,11,-1.5187528971588744
0.96875,0.018162250518798828,18,-2.3118293947047963
0.97265625,0.01679515838623047,21,-2.468679372068852
0.9765625,0.018067121505737305,22,-2.670858110984038
0.984375,0.01683950424194336,27,-3.209998550990865
